2prg , A ,  1  , 271 ,  0.199
1h7z , A ,  1  , 191 ,  0.141
1aol , A ,  1  , 228 ,  0.118
1b13 , A ,  1  , 54 ,  0.074
1e6i , A ,  1  , 110 ,  0.218
1b8q , A ,  1  , 127 ,  0.118
1ckv , A ,  1  , 141 ,  0.014
1a85 , A ,  1  , 158 ,  0.196
1qoy , A ,  1  , 303 ,  0.069
1z60 , A ,  1  , 59 ,  0.339
1f3y , A ,  1  , 165 ,  0.182
1e9t , A ,  1  , 59 ,  0.153
1fm0 , D ,  1  , 81 ,  0.173
1cma , A ,  1  , 104 ,  0.183
1g8t , A ,  1  , 242 ,  0.198
1cr8 , A ,  1  , 42 ,  0.238
1jov , A ,  1  , 281 ,  0.221
1rv1 , A ,  1  , 85 ,  0.188
1dhs , A ,  1  , 344 ,  0.110
1avp , A ,  1  , 204 ,  0.196
1a5y , A ,  1  , 283 ,  0.106
1j1h , A ,  1  , 123 ,  0.187
1ija , A ,  1  , 148 ,  0.250
1r7l , A ,  1  , 103 ,  0.087
2aj7 , A ,  1  , 161 ,  0.124
1ssl , A ,  1  , 48 ,  0.125
1jid , A ,  1  , 114 ,  0.167
1c8z , A ,  1  , 284 ,  0.180
2gmq , A ,  1  , 106 ,  0.274
1dvk , A ,  1  , 149 ,  0.235
2jne , A ,  1  , 71 ,  0.127
1bw3 , A ,  1  , 125 ,  0.176
1ehs , A ,  1  , 48 ,  0.271
1a73 , A ,  1  , 162 ,  0.099
1fqt , A ,  1  , 113 ,  0.150
1oxw , A ,  1  , 349 ,  0.163
1oqv , A ,  1  , 171 ,  0.228
1mp1 , A ,  1  , 111 ,  0.288
1b8z , A ,  1  , 67 ,  0.104
1am2 , A ,  1  , 181 ,  0.193
2hi7 , A ,  1  , 188 ,  0.144
1c5e , A ,  1  , 95 ,  0.232
1a2i , A ,  1  , 107 ,  0.112
1rrz , A ,  1  , 66 ,  0.273
2isb , A ,  1  , 190 ,  0.189
1dt4 , A ,  1  , 73 ,  0.288
1ln0 , A ,  1  , 92 ,  0.196
1bor , A ,  1  , 56 ,  0.214
1cn3 , A ,  1  , 283 ,  0.081
1a33 , A ,  1  , 174 ,  0.236
1bow , A ,  1  , 143 ,  0.189
1ad6 , A ,  1  , 185 ,  0.238
1aja , A ,  1  , 435 ,  0.124
1adr , A ,  1  , 76 ,  0.368
1j3m , A ,  1  , 127 ,  0.189
1y0k , A ,  1  , 180 ,  0.128
1so9 , A ,  1  , 131 ,  0.099
1gtd , A ,  1  , 76 ,  0.132
1fw9 , A ,  1  , 164 ,  0.085
1b2p , A ,  1  , 119 ,  0.118
1a2z , A ,  1  , 220 ,  0.264
1g57 , A ,  1  , 205 ,  0.234
1nyc , A ,  1  , 111 ,  0.162
1bh3 , A ,  1  , 289 ,  0.114
1b0y , A ,  1  , 85 ,  0.259
1dm9 , A ,  1  , 104 ,  0.096
11as , A ,  1  , 327 ,  0.162
1n81 , A ,  1  , 186 ,  0.226
1occ , A ,  1  , 514 ,  0.165
1jr5 , A ,  1  , 90 ,  0.344
1lm5 , A ,  1  , 189 ,  0.122
1mzg , A ,  1  , 140 ,  0.136
101m , A ,  1  , 154 ,  0.260
1txo , A ,  1  , 230 ,  0.178
1ilv , A ,  1  , 235 ,  0.119
1wfe , A ,  1  , 86 ,  0.023
1aro , L ,  1  , 149 ,  0.168
1gwy , A ,  1  , 175 ,  0.274
1d9n , A ,  1  , 75 ,  0.200
1aun , A ,  1  , 208 ,  0.120
1ap8 , A ,  1  , 213 ,  0.009
1bkj , A ,  1  , 230 ,  0.030
1iu4 , A ,  1  , 331 ,  0.142
1b66 , A ,  1  , 138 ,  0.159
1ehk , A ,  1  , 544 ,  0.175
1aj3 , A ,  1  , 98 ,  0.214
1ame , A ,  1  , 66 ,  0.288
1c3q , A ,  1  , 284 ,  0.088
2nwt , A ,  1  , 69 ,  0.014
1ae9 , A ,  1  , 171 ,  0.304
1edx , A ,  1  , 40 ,  0.425
155c , A ,  1  , 134 ,  0.231
1di6 , A ,  1  , 183 ,  0.158
1jni , A ,  1  , 62 ,  0.097
1eni , A ,  1  , 137 ,  0.139
1a2a , A ,  1  , 122 ,  0.213
1y1e , X ,  1  , 272 ,  0.176
1d6g , A ,  1  , 47 ,  0.064
2o34 , A ,  1  , 241 ,  0.141
1af5 , A ,  1  , 126 ,  0.159
1iu3 , C ,  1  , 115 ,  0.183
1aho , A ,  1  , 66 ,  0.273
2iwm , A ,  1  , 334 ,  0.078
1an1 , I ,  1  , 40 ,  0.300
1drt , A ,  1  , 315 ,  0.146
1i5h , W ,  1  , 50 ,  0.180
1mvf , A ,  1  , 126 ,  0.159
1i51 , E ,  1  , 18 ,  0.056
1hp8 , A ,  1  , 68 ,  0.265
1h5p , A ,  1  , 95 ,  0.221
1j1v , A ,  1  , 92 ,  0.326
1kaf , A ,  1  , 108 ,  0.213
2nqw , A ,  1  , 96 ,  0.312
1xjh , A ,  1  , 62 ,  0.145
1jb7 , B ,  1  , 226 ,  0.035
1g3j , A ,  1  , 522 ,  0.036
1bk7 , A ,  1  , 190 ,  0.121
1f82 , A ,  1  , 424 ,  0.113
1wib , A ,  1  , 92 ,  0.076
1at3 , A ,  1  , 217 ,  0.212
1e5k , A ,  1  , 188 ,  0.133
1cmi , A ,  1  , 85 ,  0.282
1cmx , A ,  1  , 214 ,  0.126
1qw2 , A ,  1  , 97 ,  0.175
1pg6 , A ,  1  , 206 ,  0.073
1dtd , B ,  1  , 61 ,  0.246
1bm8 , A ,  1  , 99 ,  0.242
1a1t , A ,  1  , 55 ,  0.164
1ahq , A ,  1  , 133 ,  0.271
1hnr , A ,  1  , 47 ,  0.213
1fle , I ,  1  , 47 ,  0.191
1j0t , A ,  1  , 78 ,  0.308
4mt2 , A ,  1  , 61 ,  0.033
2odk , A ,  1  , 61 ,  0.049
1rv9 , A ,  1  , 242 ,  0.207
1jvr , A ,  1  , 137 ,  0.007
1b6e , A ,  1  , 121 ,  0.231
2atz , A ,  1  , 172 ,  0.134
1abv , A ,  1  , 105 ,  0.267
1gcc , A ,  1  , 63 ,  0.190
1dmg , A ,  1  , 172 ,  0.157
1aui , A ,  1  , 378 ,  0.146
1aml , A ,  1  , 40 ,  0.200
1ap9 , A ,  1  , 219 ,  0.219
1a0a , A ,  1  , 63 ,  0.111
1b9c , A ,  1  , 224 ,  0.156
1qhb , A ,  1  , 595 ,  0.082
1f75 , A ,  1  , 217 ,  0.083
1yoz , A ,  1  , 113 ,  0.195
1wn9 , A ,  1  , 123 ,  0.236
1l3a , A ,  1  , 166 ,  0.114
1o22 , A ,  1  , 146 ,  0.123
1is7 , K ,  1  , 84 ,  0.155
1eyu , A ,  1  , 156 ,  0.135
1ro7 , A ,  1  , 255 ,  0.114
2sic , E ,  1  , 275 ,  0.211
1qqh , A ,  1  , 144 ,  0.146
1xn8 , A ,  1  , 131 ,  0.168
1lg7 , A ,  1  , 163 ,  0.184
1q90 , B ,  1  , 212 ,  0.146
1b65 , A ,  1  , 363 ,  0.160
1t57 , A ,  1  , 179 ,  0.291
1a6f , A ,  1  , 113 ,  0.186
1xfh , A ,  1  , 405 ,  0.165
1i5j , A ,  1  , 67 ,  0.194
1ml9 , A ,  1  , 260 ,  0.123
1dqc , A ,  1  , 73 ,  0.096
1ihn , A ,  1  , 111 ,  0.288
1eo8 , B ,  1  , 175 ,  0.086
2gkp , A ,  1  , 178 ,  0.197
1aoo , A ,  1  , 40 ,  0.350
1t07 , A ,  1  , 78 ,  0.192
1ff3 , A ,  1  , 210 ,  0.148
2ooj , A ,  1  , 129 ,  0.116
1pv5 , A ,  1  , 263 ,  0.122
1a0k , A ,  1  , 130 ,  0.177
3ci0 , I ,  1  , 81 ,  0.160
1g13 , A ,  1  , 160 ,  0.106
1dj7 , A ,  1  , 109 ,  0.248
1b78 , A ,  1  , 184 ,  0.071
1a30 , A ,  1  , 99 ,  0.222
1f46 , A ,  1  , 139 ,  0.209
1i9b , A ,  1  , 205 ,  0.132
1xx7 , A ,  1  , 172 ,  0.122
1c5a , A ,  1  , 65 ,  0.369
1akz , A ,  1  , 223 ,  0.148
1ay9 , A ,  1  , 108 ,  0.139
1g72 , A ,  1  , 571 ,  0.158
1g24 , A ,  1  , 211 ,  0.128
1p32 , A ,  1  , 182 ,  0.126
1a44 , A ,  1  , 185 ,  0.178
1afr , A ,  1  , 345 ,  0.139
1aer , A ,  1  , 205 ,  0.137
1afh , A ,  1  , 93 ,  0.376
1rq6 , A ,  1  , 62 ,  0.274
1jos , A ,  1  , 102 ,  0.235
1fwq , A ,  1  , 115 ,  0.200
1nn4 , A ,  1  , 159 ,  0.308
1cfh , A ,  1  , 47 ,  0.170
1g7d , A ,  1  , 106 ,  0.226
1b4u , A ,  1  , 132 ,  0.106
1a0n , B ,  1  , 58 ,  0.379
1wid , A ,  1  , 117 ,  0.145
1erc , A ,  1  , 40 ,  0.525
1jad , A ,  1  , 235 ,  0.089
1gv8 , A ,  1  , 159 ,  0.233
1jbg , A ,  1  , 106 ,  0.066
1b2v , A ,  1  , 173 ,  0.197
2o8i , A ,  1  , 154 ,  0.117
1lkf , A ,  1  , 292 ,  0.110
1gd8 , A ,  1  , 105 ,  0.257
1a91 , A ,  1  , 79 ,  0.165
1a3a , A ,  1  , 145 ,  0.186
1fsi , A ,  1  , 179 ,  0.151
1gvm , A ,  1  , 127 ,  0.087
1f0j , A ,  1  , 351 ,  0.157
1m1p , A ,  1  , 87 ,  0.149
1qz4 , A ,  1  , 213 ,  0.169
1ahj , A ,  1  , 198 ,  0.030
1a22 , A ,  1  , 180 ,  0.167
1ck2 , A ,  1  , 104 ,  0.212
1hky , A ,  1  , 86 ,  0.035
1ow1 , A ,  1  , 167 ,  0.216
1aqa , A ,  1  , 84 ,  0.321
1kpt , A ,  1  , 105 ,  0.276
1dvo , A ,  1  , 152 ,  0.072
1e52 , A ,  1  , 56 ,  0.214
1fw2 , A ,  1  , 257 ,  0.160
1qgw , A ,  1  , 75 ,  0.067
1i49 , A ,  1  , 201 ,  0.114
1wmm , A ,  1  , 143 ,  0.210
1dl6 , A ,  1  , 58 ,  0.034
1jl0 , A ,  1  , 340 ,  0.159
1bg2 , A ,  1  , 323 ,  0.207
2ob5 , A ,  1  , 152 ,  0.303
1j3a , A ,  1  , 129 ,  0.256
1no5 , A ,  1  , 100 ,  0.250
1a5k , A ,  1  , 100 ,  0.240
1xly , A ,  1  , 224 ,  0.143
1c39 , A ,  1  , 152 ,  0.191
1bxy , A ,  1  , 60 ,  0.183
1gp8 , A ,  1  , 40 ,  0.250
1t62 , A ,  1  , 153 ,  0.137
2icu , A ,  1  , 207 ,  0.126
1u5u , A ,  1  , 366 ,  0.134
1om2 , A ,  1  , 95 ,  0.105
1e94 , A ,  1  , 174 ,  0.069
2hh8 , A ,  1  , 127 ,  0.220
1a1w , A ,  1  , 83 ,  0.157
1c4t , A ,  1  , 226 ,  0.150
1squ , A ,  1  , 152 ,  0.217
1bjp , A ,  1  , 62 ,  0.097
1a02 , F ,  1  , 53 ,  0.113
1mae , L ,  1  , 123 ,  0.114
1wij , A ,  1  , 127 ,  0.110
2jpq , A ,  1  , 83 ,  0.024
1s04 , A ,  1  , 110 ,  0.136
1k1v , A ,  1  , 41 ,  0.244
1by2 , A ,  1  , 112 ,  0.205
1aqc , A ,  1  , 121 ,  0.140
1af3 , A ,  1  , 145 ,  0.228
1s4k , A ,  1  , 115 ,  0.052
1a37 , A ,  1  , 195 ,  0.118
1a03 , A ,  1  , 90 ,  0.211
1a2k , A ,  1  , 124 ,  0.210
1ag2 , A ,  1  , 103 ,  0.223
2ijq , A ,  1  , 146 ,  0.301
1g4f , A ,  1  , 86 ,  0.081
1e0a , A ,  1  , 184 ,  0.152
1dlm , A ,  1  , 309 ,  0.078
2igs , A ,  1  , 220 ,  0.145
1duc , A ,  1  , 121 ,  0.107
2onk , A ,  1  , 240 ,  0.104
1ble , A ,  1  , 161 ,  0.155
12ca , A ,  1  , 255 ,  0.157
1mo7 , A ,  1  , 213 ,  0.216
2pv4 , A ,  1  , 146 ,  0.164
1a15 , A ,  1  , 67 ,  0.075
1p68 , A ,  1  , 102 ,  0.275
1ai9 , A ,  1  , 192 ,  0.167
1ako , A ,  1  , 268 ,  0.164
1e8o , A ,  1  , 74 ,  0.284
1wpn , A ,  1  , 197 ,  0.142
1j3l , A ,  1  , 163 ,  0.123
1e7p , C ,  1  , 254 ,  0.126
1aa2 , A ,  1  , 108 ,  0.120
1bct , A ,  1  , 69 ,  0.087
1nyn , A ,  1  , 111 ,  0.018
1ax3 , A ,  1  , 162 ,  0.309
1ar1 , A ,  1  , 529 ,  0.155
1bnk , A ,  1  , 200 ,  0.215
1sig , A ,  1  , 305 ,  0.141
1a3p , A ,  1  , 43 ,  0.140
1fs1 , A ,  1  , 41 ,  0.317
1dbu , A ,  1  , 150 ,  0.200
1kmx , A ,  1  , 55 ,  0.073
1n2m , A ,  1  , 163 ,  0.135
1a5r , A ,  1  , 103 ,  0.019
1cm2 , A ,  1  , 85 ,  0.282
1ajw , A ,  1  , 145 ,  0.145
1k6d , A ,  1  , 217 ,  0.143
1gyd , B ,  1  , 315 ,  0.146
1aiw , A ,  1  , 62 ,  0.242
1afc , A ,  1  , 127 ,  0.220
1ab1 , A ,  1  , 49 ,  0.245
1a07 , A ,  1  , 105 ,  0.181
1i3p , A ,  1  , 274 ,  0.124
1vr0 , A ,  1  , 229 ,  0.179
1aal , A ,  1  , 58 ,  0.155
2o5h , A ,  1  , 133 ,  0.218
1q60 , A ,  1  , 99 ,  0.121
1hyn , P ,  1  , 293 ,  0.188
1gef , A ,  1  , 120 ,  0.225
1bo9 , A ,  1  , 73 ,  0.315
16vp , A ,  1  , 311 ,  0.116
2guk , A ,  1  , 112 ,  0.089
1gu9 , A ,  1  , 170 ,  0.165
1axj , A ,  1  , 122 ,  0.148
1udz , A ,  1  , 179 ,  0.145
1b7b , A ,  1  , 307 ,  0.176
1a23 , A ,  1  , 189 ,  0.127
1t23 , A ,  1  , 93 ,  0.269
1pi1 , A ,  1  , 185 ,  0.238
1q7s , A ,  1  , 118 ,  0.203
1jo6 , A ,  1  , 45 ,  0.089
2hq4 , A ,  1  , 158 ,  0.177
1u4h , A ,  1  , 181 ,  0.232
1v30 , A ,  1  , 118 ,  0.136
1r0d , A ,  1  , 189 ,  0.159
2exe , A ,  1  , 264 ,  0.133
1yem , A ,  1  , 163 ,  0.117
1tvs , A ,  1  , 75 ,  0.093
1m21 , A ,  1  , 487 ,  0.177
1e8r , A ,  1  , 50 ,  0.220
1a28 , A ,  1  , 251 ,  0.167
1icf , I ,  1  , 65 ,  0.077
1l9l , A ,  1  , 74 ,  0.311
1trl , A ,  1  , 62 ,  0.306
1b9l , A ,  1  , 119 ,  0.185
1b75 , A ,  1  , 94 ,  0.234
1hjz , A ,  1  , 192 ,  0.177
1qa4 , A ,  1  , 56 ,  0.018
1bg8 , A ,  1  , 76 ,  0.303
1aw6 , A ,  1  , 43 ,  0.070
1f81 , A ,  1  , 87 ,  0.253
2fdo , A ,  1  , 89 ,  0.124
1a3s , A ,  1  , 158 ,  0.146
1cfe , A ,  1  , 135 ,  0.178
1xdq , A ,  1  , 262 ,  0.172
1e44 , A ,  1  , 84 ,  0.143
1iyr , A ,  1  , 83 ,  0.108
2etd , A ,  1  , 128 ,  0.203
1abt , A ,  1  , 74 ,  0.189
1d1n , A ,  1  , 99 ,  0.323
1x75 , A ,  1  , 127 ,  0.189
1ezr , A ,  1  , 312 ,  0.202
1sj7 , A ,  1  , 167 ,  0.234
1qhk , A ,  1  , 47 ,  0.362
1gh9 , A ,  1  , 71 ,  0.028
2ioj , A ,  1  , 117 ,  0.333
2o35 , A ,  1  , 80 ,  0.175
1jya , A ,  1  , 115 ,  0.130
1jju , B ,  1  , 339 ,  0.103
1a0r , B ,  1  , 339 ,  0.106
1jb0 , A ,  1  , 740 ,  0.122
1jj2 , 1 ,  1  , 46 ,  0.152
1c25 , A ,  1  , 161 ,  0.193
1k19 , A ,  1  , 112 ,  0.196
1cq3 , A ,  1  , 224 ,  0.125
1aab , A ,  1  , 83 ,  0.084
1b3u , A ,  1  , 588 ,  0.041
1lr0 , A ,  1  , 123 ,  0.130
1k8k , C ,  1  , 354 ,  0.121
1bvb , A ,  1  , 211 ,  0.180
1av5 , A ,  1  , 113 ,  0.168
1iiy , A ,  1  , 101 ,  0.149
1a6y , A ,  1  , 77 ,  0.169
1osx , A ,  1  , 26 ,  0.154
1duj , A ,  1  , 187 ,  0.214
1nyo , A ,  1  , 163 ,  0.294
1jjs , A ,  1  , 42 ,  0.310
1bt1 , A ,  1  , 336 ,  0.137
1ekj , A ,  1  , 210 ,  0.119
1a32 , A ,  1  , 85 ,  0.035
1a14 , H ,  1  , 111 ,  0.162
1kpk , A ,  1  , 450 ,  0.169
1nr3 , A ,  1  , 122 ,  0.189
1cl3 , A ,  1  , 138 ,  0.101
2g3w , A ,  1  , 175 ,  0.080
1ey1 , A ,  1  , 139 ,  0.086
1bvq , A ,  1  , 139 ,  0.115
1a5v , A ,  1  , 146 ,  0.110
2hg6 , A ,  1  , 106 ,  0.189
1kdx , A ,  1  , 81 ,  0.259
1lkt , A ,  1  , 104 ,  0.144
1wdj , A ,  1  , 186 ,  0.140
1mkc , A ,  1  , 43 ,  0.140
2fiy , A ,  1  , 285 ,  0.147
1d1r , A ,  1  , 83 ,  0.193
1hno , A ,  1  , 248 ,  0.202
11ba , A ,  1  , 131 ,  0.061
2p06 , A ,  1  , 82 ,  0.207
1ass , A ,  1  , 152 ,  0.099
1c3k , A ,  1  , 143 ,  0.161
1afv , A ,  1  , 151 ,  0.172
1az0 , A ,  1  , 237 ,  0.165
1ijx , A ,  1  , 125 ,  0.216
1bxi , A ,  1  , 83 ,  0.277
2iay , A ,  1  , 120 ,  0.125
1lpv , A ,  1  , 52 ,  0.154
1csm , A ,  1  , 252 ,  0.202
1a0s , P ,  1  , 413 ,  0.107
1q1l , A ,  1  , 331 ,  0.166
1qqv , A ,  1  , 67 ,  0.254
1b6f , A ,  1  , 159 ,  0.170
1aca , A ,  1  , 86 ,  0.267
1mwp , A ,  1  , 96 ,  0.167
1al0 , 1 ,  1  , 143 ,  0.231
1c8d , A ,  1  , 548 ,  0.099
1e68 , A ,  1  , 70 ,  0.314
1o8r , A ,  1  , 94 ,  0.202
1vqr , A ,  1  , 278 ,  0.155
121p , A ,  1  , 166 ,  0.241
1m9o , A ,  1  , 40 ,  0.175
1poi , B ,  1  , 260 ,  0.054
1j57 , A ,  1  , 143 ,  0.280
1jma , A ,  1  , 261 ,  0.146
2gr7 , A ,  1  , 101 ,  0.059
1ecm , A ,  1  , 91 ,  0.231
1dgp , A ,  1  , 290 ,  0.110
1c44 , A ,  1  , 123 ,  0.203
1olg , A ,  1  , 42 ,  0.190
1xrs , A ,  1  , 516 ,  0.182
1eo0 , A ,  1  , 77 ,  0.377
1a05 , A ,  1  , 357 ,  0.092
1x6m , A ,  1  , 196 ,  0.117
2qw6 , A ,  1  , 85 ,  0.294
1a7t , A ,  1  , 227 ,  0.172
1ghh , A ,  1  , 81 ,  0.222
2hqv , A ,  1  , 167 ,  0.156
1apj , A ,  1  , 74 ,  0.149
1k6k , A ,  1  , 142 ,  0.261
1adn , A ,  1  , 92 ,  0.043
1jfm , A ,  1  , 174 ,  0.195
1beg , A ,  1  , 98 ,  0.245
1i4s , A ,  1  , 147 ,  0.177
1hn6 , A ,  1  , 110 ,  0.009
1bs4 , A ,  1  , 168 ,  0.149
1agq , A ,  1  , 91 ,  0.099
1vf5 , A ,  1  , 202 ,  0.144
3h0n , A ,  1  , 192 ,  0.198
1jtk , A ,  1  , 131 ,  0.221
1vcc , A ,  1  , 77 ,  0.130
1tba , A ,  1  , 67 ,  0.328
1wvk , A ,  1  , 86 ,  0.023
1jrm , A ,  1  , 104 ,  0.250
1a4y , A ,  1  , 460 ,  0.080
1p4p , A ,  1  , 140 ,  0.136
1u77 , A ,  1  , 374 ,  0.283
1b2i , A ,  1  , 83 ,  0.229
1bpr , A ,  1  , 173 ,  0.168
1tk1 , A ,  1  , 221 ,  0.163
1eww , A ,  1  , 90 ,  0.289
1a39 , A ,  1  , 401 ,  0.162
1f08 , A ,  1  , 148 ,  0.189
1a1x , A ,  1  , 106 ,  0.226
1bh5 , A ,  1  , 177 ,  0.051
1bx7 , A ,  1  , 51 ,  0.137
1aa1 , C ,  1  , 123 ,  0.154
1co4 , A ,  1  , 42 ,  0.071
1pbj , A ,  1  , 121 ,  0.025
1nig , A ,  1  , 150 ,  0.193
1bam , A ,  1  , 200 ,  0.190
1eq6 , A ,  1  , 189 ,  0.159
1d0q , A ,  1  , 102 ,  0.157
1aq3 , A ,  1  , 129 ,  0.194
1auz , A ,  1  , 116 ,  0.216
1jk4 , A ,  1  , 79 ,  0.139
1aiq , A ,  1  , 263 ,  0.179
1te7 , A ,  1  , 103 ,  0.117
1bwd , A ,  1  , 348 ,  0.204
1c3p , A ,  1  , 372 ,  0.151
2b1y , A ,  1  , 102 ,  0.039
1b4b , A ,  1  , 71 ,  0.268
1cby , A ,  1  , 227 ,  0.185
1n0z , A ,  1  , 45 ,  0.111
1u89 , A ,  1  , 139 ,  0.216
2jlh , A ,  1  , 117 ,  0.325
1cc1 , L ,  1  , 487 ,  0.183
2hfq , A ,  1  , 85 ,  0.212
1qys , A ,  1  , 91 ,  0.264
1ekg , A ,  1  , 119 ,  0.227
1cqu , A ,  1  , 56 ,  0.071
1h0z , A ,  1  , 68 ,  0.176
1a68 , A ,  1  , 87 ,  0.092
1h3l , A ,  1  , 75 ,  0.253
1tlj , A ,  1  , 189 ,  0.074
1nwb , A ,  1  , 101 ,  0.238
1pc6 , A ,  1  , 141 ,  0.014
1mhd , A ,  1  , 123 ,  0.195
1s9u , A ,  1  , 198 ,  0.157
1rh5 , A ,  1  , 410 ,  0.200
1akd , A ,  1  , 405 ,  0.158
1ryk , A ,  1  , 69 ,  0.377
1okc , A ,  1  , 292 ,  0.151
1gpc , A ,  1  , 218 ,  0.041
1a6s , A ,  1  , 87 ,  0.322
1r44 , A ,  1  , 202 ,  0.168
1fqy , A ,  1  , 226 ,  0.221
1auu , A ,  1  , 55 ,  0.145
1r2m , A ,  1  , 72 ,  0.292
1jx7 , A ,  1  , 114 ,  0.211
1arq , A ,  1  , 53 ,  0.170
1buh , B ,  1  , 70 ,  0.157
1ev0 , A ,  1  , 58 ,  0.155
1hyw , A ,  1  , 58 ,  0.259
1d2t , A ,  1  , 222 ,  0.153
1lb4 , A ,  1  , 155 ,  0.097
1d8h , A ,  1  , 288 ,  0.118
1i1q , A ,  1  , 512 ,  0.137
1a0o , A ,  1  , 128 ,  0.180
1du2 , A ,  1  , 76 ,  0.237
1a19 , A ,  1  , 89 ,  0.202
1g2r , A ,  1  , 98 ,  0.316
1agm , A ,  1  , 470 ,  0.109
1cm5 , A ,  1  , 760 ,  0.134
1fqj , C ,  1  , 38 ,  0.184
1daq , A ,  1  , 71 ,  0.225
1kf6 , C ,  1  , 130 ,  0.131
1ckq , A ,  1  , 261 ,  0.069
1tdp , A ,  1  , 111 ,  0.315
1a34 , A ,  1  , 147 ,  0.020
2ikb , A ,  1  , 158 ,  0.076
1mog , A ,  1  , 67 ,  0.209
1a7x , A ,  1  , 107 ,  0.196
1l6e , A ,  1  , 45 ,  0.178
1gak , A ,  1  , 137 ,  0.153
1emw , A ,  1  , 88 ,  0.318
1a7w , A ,  1  , 68 ,  0.088
1njh , A ,  1  , 107 ,  0.159
1b9g , A ,  1  , 57 ,  0.333
1e0g , A ,  1  , 48 ,  0.250
2fi0 , A ,  1  , 79 ,  0.076
1o6a , A ,  1  , 89 ,  0.067
1hyk , A ,  1  , 46 ,  0.152
1fx3 , A ,  1  , 143 ,  0.105
1dd1 , A ,  1  , 221 ,  0.104
2i9x , A ,  1  , 81 ,  0.160
2hly , A ,  1  , 206 ,  0.155
117e , A ,  1  , 282 ,  0.206
1h1j , S ,  1  , 44 ,  0.250
1hq0 , A ,  1  , 295 ,  0.136
1fgp , A ,  1  , 70 ,  0.314
1dv0 , A ,  1  , 45 ,  0.556
2f6s , A ,  1  , 176 ,  0.273
1jsu , C ,  1  , 69 ,  0.029
2iaz , A ,  1  , 105 ,  0.124
1rfz , A ,  1  , 161 ,  0.199
1p88 , A ,  1  , 216 ,  0.116
1a92 , A ,  1  , 50 ,  0.160
1t50 , A ,  1  , 58 ,  0.155
1q6a , A ,  1  , 107 ,  0.318
1d0g , A ,  1  , 151 ,  0.166
1b69 , A ,  1  , 69 ,  0.188
2in5 , A ,  1  , 190 ,  0.147
1by1 , A ,  1  , 209 ,  0.163
1dcj , A ,  1  , 81 ,  0.259
1vpu , A ,  1  , 45 ,  0.378
1bcp , A ,  1  , 224 ,  0.138
1cw0 , A ,  1  , 155 ,  0.116
1lre , A ,  1  , 81 ,  0.222
1qhl , A ,  1  , 203 ,  0.118
1iie , A ,  1  , 75 ,  0.107
1vgg , A ,  1  , 159 ,  0.019
1fvl , A ,  1  , 70 ,  0.129
1aew , A ,  1  , 170 ,  0.159
1ay2 , A ,  1  , 157 ,  0.038
1huf , A ,  1  , 123 ,  0.236
1aa3 , A ,  1  , 63 ,  0.444
1sed , A ,  1  , 113 ,  0.124
1e91 , A ,  1  , 85 ,  0.165
1alq , A ,  1  , 259 ,  0.162
1hl6 , A ,  1  , 119 ,  0.000
2ic8 , A ,  1  , 182 ,  0.242
1gpq , A ,  1  , 127 ,  0.197
1j7g , A ,  1  , 144 ,  0.201
1aci , A ,  1  , 76 ,  0.276
1cwx , A ,  1  , 44 ,  0.023
1cop , D ,  1  , 66 ,  0.136
1ceu , A ,  1  , 51 ,  0.118
1c9q , A ,  1  , 117 ,  0.017
1a17 , A ,  1  , 159 ,  0.038
1co0 , A ,  1  , 105 ,  0.048
1hhn , A ,  1  , 101 ,  0.050
1exk , A ,  1  , 79 ,  0.076
1lsh , B ,  1  , 178 ,  0.152
1o65 , A ,  1  , 218 ,  0.220
1agg , A ,  1  , 48 ,  0.167
1h7d , A ,  1  , 49 ,  0.041
1bbi , A ,  1  , 71 ,  0.169
1f6v , A ,  1  , 91 ,  0.264
1a4h , A ,  1  , 214 ,  0.168
1mkn , A ,  1  , 59 ,  0.153
1avq , A ,  1  , 228 ,  0.154
1nc7 , A ,  1  , 113 ,  0.150
1b1u , A ,  1  , 117 ,  0.239
1ahl , A ,  1  , 49 ,  0.224
1bgf , A ,  1  , 124 ,  0.073
1dmw , A ,  1  , 307 ,  0.179
1ryl , A ,  1  , 157 ,  0.172
1eik , A ,  1  , 77 ,  0.065
1aom , A ,  1  , 439 ,  0.150
1iwl , A ,  1  , 177 ,  0.119
102l , A ,  1  , 162 ,  0.099
1b79 , A ,  1  , 102 ,  0.206
1fre , A ,  1  , 39 ,  0.077
1iq4 , A ,  1  , 179 ,  0.101
1a0c , A ,  1  , 437 ,  0.114
1acb , I ,  1  , 63 ,  0.238
1bxe , A ,  1  , 108 ,  0.102
1dzu , P ,  1  , 209 ,  0.144
1lmz , A ,  1  , 187 ,  0.176
2icg , A ,  1  , 161 ,  0.199
2q22 , A ,  1  , 129 ,  0.271
2gjv , A ,  1  , 136 ,  0.154
1dev , A ,  1  , 194 ,  0.144
1l7v , A ,  1  , 313 ,  0.224
1gd5 , A ,  1  , 130 ,  0.200
1nxh , A ,  1  , 119 ,  0.050
1ah7 , A ,  1  , 245 ,  0.224
1ccd , A ,  1  , 77 ,  0.169
1avv , A ,  1  , 99 ,  0.172
1j8b , A ,  1  , 88 ,  0.182
1fd3 , A ,  1  , 41 ,  0.366
2psb , A ,  1  , 287 ,  0.122
1a7h , A ,  1  , 86 ,  0.256
1a0b , A ,  1  , 117 ,  0.214
1a43 , A ,  1  , 72 ,  0.250
1g8q , A ,  1  , 90 ,  0.133
1e8p , A ,  1  , 46 ,  0.326
1erz , A ,  1  , 303 ,  0.182
