No., PDB, Domains, CATH, K-Means, Accuracy
1,1jhd, 2, 1  A  194 - A  396 -  1  A    1 - A  193 - , 186 - 264 289 - 396 -- 1 - 185 265 - 288 -- , 91.92
2,1c2a, 2, 1  A    4 - A   63 -  1  A   64 - A  123 - , 4 - 63 -- 64 - 123 -- , 100.00
3,1a0p, 2, 1  A    3 - A  100 -  1  A  111 - A  292 - , 17 - 100 -- 101 - 292 -- , 95.00
4,2hxv, 2, 1  A   -3 - A  147 -  1  A  148 - A  345 - , -3 - 144 -- 145 - 345 -- , 99.14
5,1dl5, 2, 1  A    1 - A  201 -  1  A  202 - A  317 - , 1 - 210 -- 211 - 317 -- , 97.16
6,1be3, 2, 1  B   21 - B  235 -  1  B  236 - B  439 - , 21 - 151 174 - 236 372 - 395 -- 152 - 173 237 - 371 396 - 439 -- , 88.78
7,1y7b, 2, 1  A    2 - A  326 -  1  A  327 - A  535 - , 2 - 324 -- 325 - 535 -- , 99.63
8,1fa0, 3, 1  A  353 - A  523 -  1  A   40 - A  195 -  2  A    3 - A   39 -  A  196 - A  352 - , 353 - 523 -- 42 - 195 307 - 319 -- 3 - 41 196 - 306 320 - 352 -- , 97.12
9,1k8w, 2, 1  A    9 - A  249 -  1  A  250 - A  312 - , 73 - 235 -- 19 - 72 235 - 312 -- , 74.34
10,2o8r, 4, 2  B   11 - B  111 -  B  307 - B  319 -  1  B  112 - B  305 -  2  B  320 - B  503 -  B  593 - B  596 -  3  B  504 - B  592 -  B  597 - B  616 -  B  621 - B  690 - , 11 - 57 82 - 115 307 - 360 668 - 687 -- 116 - 234 -- 361 - 512 688 - 689 -- 58 - 81 235 - 306 513 - 667 -- , 73.93
11,1ddt, 3, 1  A    1 - A  187 -  1  A  200 - A  379 -  1  A  380 - A  535 - , 1 - 199 377 - 378 -- 200 - 376 -- 379 - 535 -- , 99.43
12,1fgs, 2, 1  A    1 - A  298 -  1  A  299 - A  425 - , 1 - 295 -- 296 - 425 -- , 99.29
13,1pcp, 2, 2  A    1 - A   59 -  A  100 - A  106 -  1  A   60 - A   99 - , 1 - 50 -- 51 - 106 -- , 84.91
14,1j1z, 2, 1  B    1 - B  171 -  1  B  172 - B  395 - , 1 - 69 86 - 202 -- 70 - 85 203 - 395 -- , 88.10
15,1abw, 2, 1  A    1 - A  140 -  1  A  141 - A  283 - , 1 - 141 -- 141 - 282 -- , 99.65
16,1acm, 2, 2  A    1 - A  133 -  A  292 - A  310 -  1  A  134 - A  291 - , 1 - 140 290 - 310 -- 141 - 289 -- , 97.10
17,1dw9, 2, 1  A    2 - A   88 -  1  A   89 - A  156 - , 2 - 85 -- 86 - 156 -- , 98.06
18,1sox, 3, 1  A    3 - A   88 -  1  A   90 - A  343 -  1  A  344 - A  466 - , 3 - 136 -- 137 - 183 212 - 344 -- 184 - 211 345 - 466 -- , 83.59
19,1hn0, 4, 1  A   25 - A  234 -  1  A  235 - A  618 -  1  A  619 - A  899 -  1  A  900 - A 1021 - , 25 - 236 291 - 336 371 - 388 -- 237 - 290 337 - 370 389 - 547 567 - 616 -- 548 - 566 650 - 718 739 - 895 -- 617 - 649 719 - 738 896 - 1021 -- , 85.76
20,1hd8, 2, 1  A    3 - A  262 -  1  A  263 - A  356 - , 26 - 73 91 - 261 -- 74 - 90 262 - 356 -- , 88.42
21,1f02, 3, 1  I  658 - I  752 -  1  I  753 - I  841 -  1  I  842 - I  939 - , 658 - 751 -- 752 - 839 887 - 888 -- 840 - 886 889 - 939 -- , 98.23
22,1a6e, 3, 2  A   17 - A  143 -  A  403 - A  519 -  2  A  144 - A  213 -  A  367 - A  402 -  1  A  214 - A  366 - , 17 - 42 97 - 142 405 - 519 -- 43 - 96 143 - 217 366 - 404 -- 218 - 365 -- , 87.67
23,1occ, 2, 1  B    1 - B   91 -  1  B   92 - B  227 - , 23 - 81 -- 1 - 22 82 - 227 -- , 85.90
24,1a1f, 3, 1  A  103 - A  132 -  1  A  133 - A  159 -  1  A  160 - A  186 - , 103 - 132 -- 133 - 160 -- 161 - 186 -- , 98.81
25,1bcc, 2, 1  D  197 - D  241 -  1  D    1 - D  196 - , 206 - 241 -- 1 - 205 -- , 96.27
26,1ttu, 3, 2  A  195 - A  376 -  A  541 - A  562 -  1  A  377 - A  540 -  1  A  563 - A  660 - , 227 - 262 280 - 365 -- 366 - 561 -- 195 - 226 263 - 279 562 - 660 -- , 82.40
27,1nij, 2, 1  A    2 - A  202 -  1  A  203 - A  318 - , 2 - 164 183 - 199 -- 165 - 182 200 - 318 -- , 93.38
28,1ehk, 2, 1  B    3 - B   46 -  1  B   47 - B  168 - , 3 - 35 -- 36 - 168 -- , 93.37
29,1h8e, 3, 1  D    9 - D   81 -  1  D   82 - D  357 -  1  D  358 - D  475 - , 9 - 98 262 - 288 -- 99 - 261 289 - 331 -- 332 - 419 421 - 475 -- , 84.80
30,1fcd, 3, 2  A    1 - A  116 -  A  256 - A  327 -  1  A  117 - A  255 -  1  A  328 - A  401 - , 1 - 107 257 - 333 -- 108 - 256 -- 334 - 401 -- , 96.01
31,1nxz, 2, 1  A    2 - A   73 -  1  A   74 - A  247 - , 2 - 75 132 - 154 -- 76 - 131 155 - 246 -- , 89.43
32,1d5y, 3, 1  A    3 - A   55 -  1  A   56 - A  121 -  1  A  122 - A  294 - , 3 - 57 -- 58 - 125 241 - 294 -- 126 - 240 -- , 79.45
33,1af7, 2, 1  A   11 - A   90 -  1  A   91 - A  284 - , 11 - 91 -- 92 - 284 -- , 99.64
34,1dd3, 2, 1  A    1 - A   57 -  1  A   58 - A  128 - , 1 - 52 -- 53 - 128 -- , 96.09
35,1qze, 4, 1  A    1 - A   77 -  1  A  160 - A  200 -  1  A  232 - A  283 -  1  A  317 - A  360 - , 1 - 77 -- 160 - 200 -- 232 - 283 -- 317 - 360 -- , 100.00
36,1j5y, 2, 1  A    4 - A   67 -  1  A   68 - A  174 - , 4 - 71 -- 72 - 174 -- , 97.66
37,1gz0, 2, 1  A    2 - A   78 -  1  A   79 - A  243 - , 2 - 78 -- 79 - 243 -- , 100.00
38,1e79, 3, 1  F    9 - F   81 -  1  F   82 - F  357 -  1  F  358 - F  474 - , 9 - 98 262 - 288 -- 99 - 261 289 - 331 -- 332 - 419 421 - 474 -- , 84.76
39,1y7e, 2, 2  A    4 - A   99 -  A  238 - A  458 -  1  A  100 - A  237 - , 4 - 98 169 - 188 253 - 434 437 - 458 -- 99 - 168 189 - 252 435 - 436 -- , 91.65
40,1ckl, 2, 1  A    1 - A   62 -  1  A   63 - A  126 - , 1 - 62 -- 63 - 126 -- , 100.00
41,3bwg, 2, 1  A    5 - A   70 -  1  A   71 - A  233 - , 5 - 82 -- 83 - 233 -- , 94.76
42,1ewr, 3, 1  A  131 - A  245 -  2  A  246 - A  352 -  A  518 - A  541 -  1  A  542 - A  765 - , 131 - 259 328 - 518 -- 260 - 327 519 - 569 595 - 622 -- 570 - 594 623 - 655 657 - 765 -- , 79.36
43,1eo8, 2, 1  H    1 - H  113 -  1  H  114 - H  212 - , 1 - 114 -- 115 - 212 -- , 99.53
44,1a8y, 3, 1  A    3 - A  126 -  1  A  127 - A  228 -  1  A  229 - A  347 - , 3 - 123 -- 124 - 235 -- 237 - 347 -- , 96.81
45,2hr7, 3, 1  A    4 - A  191 -  1  A  192 - A  309 -  1  A  310 - A  469 - , 26 - 226 -- 227 - 304 -- 305 - 348 348 - 386 386 - 468 -- , 86.48
46,1a45, 2, 1  A    1 - A   83 -  1  A   84 - A  174 - , 1 - 83 -- 84 - 174 -- , 100.00
47,1vq0, 2, 1  A   -2 - A  230 -  1  A  231 - A  287 - , -2 - 230 -- 231 - 287 -- , 100.00
48,1cjx, 2, 1  A    4 - A  153 -  1  A  154 - A  356 - , 4 - 184 -- 185 - 355 -- , 90.93
49,1ux6, 2, 1  A  813 - A  939 -  1  A  940 - A 1152 - , 827 - 938 -- 939 - 1152 -- , 95.59
50,1yua, 2, 1  A    1 - A   64 -  1  A   65 - A  122 - , 1 - 65 -- 66 - 122 -- , 99.18
51,2pv7, 2, 1  A   92 - A  250 -  1  A  251 - A  371 - , 92 - 183 183 - 250 308 - 309 -- 251 - 307 310 - 371 -- , 99.29
52,2fb1, 2, 1  A    3 - A  140 -  1  A  143 - A  225 - , 3 - 140 -- 141 - 225 -- , 100.00
53,1nlt, 3, 2  A  110 - A  142 -  A  209 - A  255 -  1  A  143 - A  208 -  1  A  256 - A  337 - , 110 - 139 212 - 255 -- 140 - 211 -- 256 - 337 -- , 97.37
54,1m6b, 4, 1  A    8 - A  198 -  1  A  199 - A  308 -  1  A  309 - A  480 -  1  A  481 - A  580 - , 8 - 226 -- 227 - 305 -- 306 - 500 -- 501 - 580 -- , 91.10
55,1q5v, 2, 1  A    1 - A   46 -  1  A   48 - A  132 - , 1 - 41 -- 42 - 132 -- , 96.18
56,1e15, 3, 2  A    3 - A  290 -  A  381 - A  448 -  1  A  291 - A  380 -  1  A  449 - A  498 - , 3 - 211 401 - 405 -- 212 - 239 287 - 400 406 - 438 -- 240 - 286 439 - 498 -- , 71.37
57,1bia, 3, 1  A    1 - A   64 -  1  A   65 - A  270 -  1  A  271 - A  317 - , 1 - 66 -- 67 - 166 184 - 255 -- 167 - 183 256 - 317 -- , 89.27
58,1jqj, 3, 1  A    1 - A  123 -  1  A  124 - A  247 -  1  A  248 - A  366 - , 1 - 120 229 - 230 -- 121 - 228 231 - 246 356 - 366 -- 247 - 355 -- , 95.36
59,1hc1, 3, 3  A    5 - A  169 -  A  428 - A  454 -  A  533 - A  550 -  1  A  170 - A  397 -  3  A  398 - A  427 -  A  455 - A  532 -  A  553 - A  653 - , 5 - 169 428 - 453 532 - 561 -- 170 - 397 -- 398 - 427 454 - 531 562 - 653 -- , 98.30
60,1e5u, 2, 1  I    1 - I   90 -  1  I   91 - I  187 - , 1 - 89 -- 90 - 187 -- , 99.47
61,1a5k, 2, 2  C    2 - C  128 -  C  423 - C  480 -  2  C  129 - C  422 -  C  481 - C  567 - , 2 - 152 419 - 489 -- 153 - 418 490 - 567 -- , 93.46
62,1akl, 2, 2  A    1 - A   17 -  A  251 - A  470 -  1  A   18 - A  250 - , 288 - 470 -- 16 - 287 -- , 88.51
63,1vqz, 2, 1  A    0 - A  241 -  1  A  242 - A  329 - , 0 - 161 178 - 235 -- 162 - 177 236 - 329 -- , 93.33
64,1a02, 2, 1  N  399 - N  569 -  1  N  570 - N  678 - , 399 - 572 -- 573 - 678 -- , 98.93
65,1ksk, 2, 1  A    1 A A   63 -  1  A   65 - A  231 - , 2 - 60 90 - 91 -- 61 - 89 92 - 231 -- , 97.39
66,1fwy, 2, 1  A    3 - A  236 -  1  A  237 - A  328 - , 3 - 235 -- 236 - 328 -- , 99.69
67,1dg3, 2, 1  A  284 - A  583 -  1  A    6 - A  283 - , 331 - 365 382 - 529 -- 6 - 330 366 - 381 530 - 583 -- , 79.76
68,1dq3, 4, 2  A    1 - A  137 -  A  415 - A  454 -  1  A  339 - A  414 -  1  A  138 - A  224 -  1  A  225 - A  338 - , 1 - 148 421 - 446 -- 331 - 420 -- 149 - 221 -- 222 - 330 447 - 454 -- , 92.07
69,1a79, 2, 1  A   80 - A  179 -  1  A    9 - A   79 - , 83 - 179 -- 9 - 82 -- , 98.25
70,1brw, 3, 1  A  331 - A  424 -  2  A   68 - A  330 -  A  425 - A  433 -  1  A    1 - A   67 - , 237 - 268 329 - 367 369 - 433 -- 90 - 154 269 - 328 -- 1 - 89 155 - 236 -- , 65.82
71,1fyb, 2, 1  A    1 - A   51 -  1  A   52 - A  111 - , 1 - 55 -- 56 - 111 -- , 96.40
72,1b47, 3, 1  A   47 - A  175 -  1  A  176 - A  264 -  1  A  265 - A  350 - , 47 - 174 297 - 299 -- 175 - 259 300 - 301 -- 260 - 296 302 - 350 -- , 96.38
73,1ar1, 2, 2  B    1 - B   24 -  B  106 - B  252 -  1  B   25 - B  105 - , 1 - 33 98 - 252 -- 34 - 97 -- , 93.25
74,1a71, 2, 2  A    1 - A  178 -  A  318 - A  374 -  1  A  179 - A  317 - , 1 - 175 322 - 374 -- 176 - 321 -- , 98.13
75,1ubd, 4, 1  C  295 - C  322 -  1  C  323 - C  349 -  1  C  350 - C  379 -  1  C  380 - C  408 - , 295 - 321 -- 322 - 349 -- 350 - 380 -- 381 - 408 -- , 98.25
76,1ppr, 2, 1  M    1 - M  155 -  1  M  156 - M  312 - , 1 - 155 211 - 215 -- 156 - 210 216 - 312 -- , 98.40
77,1skz, 2, 1  A    7 - A   57 -  1  A   58 - A  110 - , 22 - 61 -- 62 - 110 -- , 81.73
78,1a8p, 2, 1  A    2 - A   96 -  1  A   97 - A  258 - , 2 - 97 -- 98 - 258 -- , 99.61
79,2oux, 2, 1  A    6 - A  133 -  1  A  134 - A  262 - , 6 - 124 -- 125 - 262 -- , 96.50
80,1nyq, 4, 1  A    4 - A   65 -  1  A   66 - A  223 -  2  A  224 - A  289 -  A  290 - A  539 -  1  A  540 - A  645 - , 4 - 72 223 - 236 -- 73 - 222 -- 281 - 527 -- 237 - 280 528 - 645 -- , 88.01
81,1tg7, 5, 1  A   41 - A  395 -  1  A  396 - A  576 -  1  A  577 - A  665 -  2  A  666 - A  685 -  A  862 - A 1011 -  1  A  686 - A  861 - , 41 - 75 130 - 317 -- 318 - 347 392 - 571 -- 76 - 129 572 - 668 -- 348 - 391 669 - 684 866 - 1011 -- 685 - 865 -- , 85.07
82,1clc, 2, 1  A   35 - A  136 -  1  A  137 - A  575 - , 35 - 167 432 - 564 -- 168 - 431 565 - 575 -- , 69.69
83,1a6a, 2, 1  A    5 - A   81 -  1  A   82 - A  180 - , 5 - 85 168 - 180 -- 86 - 167 -- , 90.34
84,1pg0, 2, 2  A    4 - A  388 -  A  532 - A  550 -  1  A  389 - A  531 - , 4 - 345 -- 346 - 550 -- , 88.67
85,1x9y, 2, 1  A   41 - A  210 -  1  A  211 - A  397 - , 41 - 211 -- 212 - 397 -- , 99.72
86,1lbu, 2, 1  A    1 - A   84 -  1  A   85 - A  213 - , 1 - 84 127 - 128 -- 85 - 126 129 - 213 -- , 99.06
87,1ogp, 2, 1  A    2 - A  262 -  1  A  263 - A  389 - , 50 - 94 125 - 262 -- 17 - 49 95 - 124 263 - 389 -- , 79.90
88,2fef, 2, 1  A    6 - A  134 -  1  A  135 - A  293 - , 6 - 22 51 - 145 -- 23 - 51 145 - 293 -- , 86.81
89,1ca1, 2, 1  A    1 - A  250 -  1  A  251 - A  370 - , 1 - 249 -- 250 - 370 -- , 99.73
90,1ejj, 2, 1  A   77 - A  312 -  2  A    3 - A   76 -  A  313 - A  510 - , 78 - 310 -- 3 - 77 311 - 365 367 - 510 -- , 99.21
91,2auw, 2, 1  A    4 - A   85 -  1  A   86 - A  154 - , 13 - 109 -- 109 - 154 -- , 78.81
92,1jrp, 4, 1  A    1 - A   84 -  1  A   85 - A  166 -  1  A  179 - A  345 -  1  A  346 - A  462 - , 1 - 76 161 - 182 204 - 227 -- 77 - 160 -- 183 - 203 228 - 359 -- 360 - 461 -- , 87.33
93,1bpo, 2, 1  A    1 - A  332 -  1  A  333 - A  487 - , 1 - 342 -- 343 - 487 -- , 97.95
94,1d2k, 2, 2  A   36 - A  291 -  A  355 - A  427 -  1  A  292 - A  354 - , 36 - 235 401 - 427 -- 236 - 400 -- , 73.98
95,1aof, 2, 1  A   36 - A  135 -  1  A  136 - A  567 - , 36 - 145 281 - 299 -- 146 - 280 300 - 567 -- , 94.55
96,1qd1, 2, 1  A    2 - A  181 -  1  A  182 - A  326 - , 2 - 180 -- 181 - 325 -- , 99.38
97,1eut, 3, 1  A   47 - A  400 -  1  A  401 - A  502 -  1  A  503 - A  647 - , 47 - 320 -- 321 - 499 -- 500 - 647 -- , 86.19
98,2evr, 2, 1  A   13 - A   86 -  1  A   87 - A  234 - , 40 - 130 -- 131 - 234 -- , 68.02
99,1dlc, 3, 1  A   61 - A  289 -  2  A  290 - A  300 -  A  498 - A  644 -  1  A  301 - A  497 - , 61 - 250 272 - 301 -- 497 - 644 -- 251 - 271 302 - 496 -- , 94.18
100,1nh2, 2, 2  A   61 - A   71 -  A  158 - A  240 -  1  A   72 - A  157 - , 160 - 184 184 - 240 -- 61 - 159 -- , 93.33
101,1i3q, 2, 1  C   43 - C  168 -  2  C    3 - C   42 -  C  169 - C  268 - , 42 - 172 -- 3 - 41 173 - 268 -- , 98.12
102,1g6l, 2, 1  A    1 - A   99 -  1  A 1001 - A 1099 - , 1 - 96 -- 97 - 1099 -- , 98.48
103,1a3x, 3, 2  A    1 - A   18 -  A  356 - A  500 -  2  A   19 - A   87 -  A  190 - A  355 -  1  A   88 - A  189 - , 1 - 21 352 - 433 436 - 500 -- 22 - 87 190 - 351 434 - 435 -- 88 - 189 -- , 98.20
104,1lsl, 2, 1  A  416 - A  471 -  1  A  472 - A  528 - , 416 - 471 -- 472 - 528 -- , 100.00
105,1q2l, 4, 1  A   24 - A  271 -  1  A  272 - A  502 -  3  A  503 - A  650 -  A  671 - A  732 -  A  865 - A  884 -  3  A  651 - A  670 -  A  733 - A  864 -  A  885 - A  960 - , 24 - 173 197 - 265 403 - 430 -- 174 - 196 266 - 402 431 - 503 -- 504 - 644 675 - 735 865 - 888 -- 645 - 674 736 - 864 889 - 960 -- , 92.00
106,1d1d, 2, 1  A   11 - A  150 -  1  A  151 - A  230 - , 11 - 149 177 - 179 -- 150 - 176 180 - 230 -- , 98.18
107,1jj2, 2, 1  E   80 - E  172 -  1  E    1 - E   79 - , 81 - 172 -- 1 - 80 -- , 99.42
108,1f00, 3, 1  I  658 - I  752 -  1  I  753 - I  841 -  1  I  842 - I  939 - , 658 - 751 -- 752 - 839 887 - 888 -- 840 - 886 889 - 939 -- , 98.23
109,1qhd, 2, 1  A  159 - A  328 -  2  A    1 - A  158 -  A  329 - A  397 - , 153 - 329 -- 1 - 152 330 - 397 -- , 98.24
110,1eqj, 2, 1  A   77 - A  312 -  2  A    3 - A   76 -  A  313 - A  510 - , 78 - 310 -- 3 - 77 311 - 365 367 - 510 -- , 99.21
111,1a6q, 2, 1  A    2 - A  295 -  1  A  296 - A  368 - , 35 - 239 -- 2 - 34 240 - 368 -- , 75.75
112,1cli, 2, 1  A    5 - A  170 -  1  A  171 - A  345 - , 5 - 163 -- 164 - 345 -- , 97.95
113,1j4w, 2, 1  A    1 - A   74 -  1  A  104 - A  174 - , 1 - 74 -- 104 - 174 -- , 100.00
114,1aua, 2, 1  A   87 - A  299 -  1  A    4 - A   86 - , 96 - 150 174 - 299 -- 4 - 95 151 - 173 -- , 89.19
115,1a65, 3, 1  A    1 - A  132 -  1  A  133 - A  312 -  1  A  313 - A  504 - , 1 - 124 478 - 504 -- 125 - 308 -- 309 - 477 -- , 92.26
116,2gli, 5, 1  A  103 - A  135 -  1  A  136 - A  167 -  1  A  168 - A  197 -  1  A  198 - A  228 -  1  A  229 - A  257 - , 103 - 143 -- 144 - 167 -- 168 - 197 -- 198 - 226 -- 227 - 257 -- , 93.55
117,1bp1, 2, 1  A   12 - A  191 -  2  A    1 - A   11 -  A  192 - A  456 - , 1 - 192 -- 193 - 456 -- , 97.37
118,1ctn, 3, 1  A   24 - A  130 -  2  A  131 - A  442 -  A  519 - A  561 -  1  A  443 - A  518 - , 24 - 40 57 - 143 -- 41 - 56 185 - 385 -- 144 - 184 386 - 561 -- , 68.40
119,1mla, 2, 1  A  125 - A  197 -  2  A    3 - A  124 -  A  198 - A  307 - , 120 - 211 287 - 288 -- 3 - 119 212 - 286 289 - 307 -- , 93.11
120,1cqx, 3, 1  A    1 - A  150 -  1  A  151 - A  261 -  1  A  262 - A  403 - , 1 - 138 -- 139 - 258 -- 259 - 403 -- , 96.28
121,1dli, 3, 1  A    1 - A  204 -  1  A  295 - A  402 -  1  A  205 - A  294 - , 1 - 204 -- 294 - 402 -- 205 - 293 -- , 99.75
122,1ufa, 2, 1  A    2 - A  413 -  1  A  414 - A  517 - , 25 - 139 265 - 389 -- 140 - 264 390 - 517 -- , 66.67
123,3p0b, 2, 1  A   -1 - A  413 -  1  A  414 - A  517 - , 27 - 171 265 - 389 -- 171 - 264 390 - 517 -- , 72.06
124,1na6, 2, 1  A    4 - A  177 -  1  A  178 - A  398 - , 4 - 178 238 - 259 -- 179 - 237 260 - 398 -- , 94.18
125,1gof, 3, 1  A    1 - A  153 -  1  A  154 - A  541 -  1  A  542 - A  639 - , 1 - 218 -- 219 - 471 -- 472 - 639 -- , 78.87
126,1cr5, 2, 1  A   26 - A  102 -  1  A  103 - A  210 - , 26 - 103 -- 104 - 210 -- , 99.46
127,1eqf, 2, 2  A 1359 - A 1370 -  A 1496 - A 1625 -  1  A 1371 - A 1495 - , 1359 - 1374 1496 - 1625 -- 1375 - 1495 -- , 98.50
128,1ulk, 3, 1  A    1 - A   40 -  1  A   41 - A   81 -  1  A   82 - A  126 - , 1 - 42 -- 43 - 83 -- 84 - 126 -- , 96.83
129,1m1h, 2, 2  A    5 - A   49 -  A  132 - A  186 -  1  A   50 - A  131 - , 5 - 51 132 - 186 -- 52 - 131 -- , 98.90
130,1kny, 2, 1  A    1 - A  125 -  1  A  126 - A  253 - , 1 - 126 186 - 187 -- 127 - 185 188 - 253 -- , 98.81
131,1g8f, 3, 1  A  190 - A  389 -  1  A    2 - A  189 -  1  A  390 - A  511 - , 179 - 279 281 - 319 321 - 387 -- 2 - 178 -- 388 - 511 -- , 97.06
132,1e6v, 2, 1  B   46 - B  192 -  2  B    7 - B   45 -  B  193 - B  442 - , 40 - 204 409 - 424 -- 7 - 39 205 - 408 425 - 442 -- , 92.20
133,1jma, 2, 1  B    4 - B   57 -  1  B   58 - B  105 - , 4 - 57 -- 58 - 105 -- , 100.00
134,1sj8, 2, 1  A  486 - A  660 -  1  A  661 - A  782 - , 486 - 554 574 - 666 -- 555 - 573 667 - 782 -- , 91.58
135,1xrs, 2, 1  B   33 - B   84 -  1  B  102 - B  261 - , 33 - 84 -- 102 - 261 -- , 100.00
136,1su4, 4, 2  A    1 - A   43 -  A  124 - A  242 -  3  A   44 - A  123 -  A  243 - A  345 -  A  746 - A  994 -  1  A  359 - A  602 -  2  A  346 - A  358 -  A  603 - A  745 - , 1 - 46 123 - 253 -- 47 - 122 254 - 314 759 - 808 831 - 994 -- 359 - 602 -- 315 - 358 603 - 758 809 - 830 -- , 91.85
137,1mms, 2, 1  A    8 - A   71 -  1  A   72 - A  140 - , 8 - 71 -- 72 - 140 -- , 100.00
138,1ewf, 2, 1  A   12 - A  191 -  2  A    1 - A   11 -  A  192 - A  456 - , 1 - 192 -- 193 - 456 -- , 97.37
139,1m9s, 5, 1  A   36 - A  240 -  1  A  241 - A  319 -  1  A  391 - A  465 -  1  A  466 - A  551 -  1  A  552 - A  629 - , 36 - 188 -- 189 - 319 -- 391 - 467 -- 468 - 550 -- 551 - 629 -- , 89.48
140,1an8, 2, 2  A    3 - A   18 -  A   94 - A  208 -  1  A   19 - A   93 - , 3 - 19 100 - 208 -- 20 - 99 -- , 96.60
141,1bmf, 3, 1  A   24 - A   93 -  1  A   94 - A  379 -  1  A  380 - A  510 - , 24 - 111 276 - 298 -- 112 - 275 299 - 352 -- 353 - 510 -- , 86.04
142,2bcg, 3, 3  G    5 - G   61 -  G  232 - G  305 -  G  398 - G  446 -  2  G   62 - G  126 -  G  306 - G  397 -  1  G  127 - G  231 - , 5 - 47 242 - 304 397 - 421 423 - 446 -- 48 - 114 305 - 396 -- 115 - 241 -- , 91.18
143,1vf5, 3, 2  C    1 - C  171 -  C  234 - C  254 -  1  C  172 - C  233 -  1  C  255 - C  286 - , 1 - 155 -- 156 - 252 -- 253 - 286 -- , 87.06
144,1dzf, 2, 1  A    5 - A  142 -  1  A  143 - A  215 - , 5 - 143 -- 144 - 215 -- , 99.53
145,1rkc, 2, 1  A    1 - A  129 -  1  A  130 - A  258 - , 1 - 129 -- 130 - 258 -- , 100.00
146,1b37, 2, 3  A    5 - A   87 -  A  187 - A  292 -  A  412 - A  463 -  2  A   88 - A  186 -  A  293 - A  411 - , 5 - 45 203 - 295 410 - 463 -- 46 - 202 296 - 409 -- , 86.27
147,1jvs, 3, 1  A    0 - A  149 -  1  A  150 - A  310 -  1  A  311 - A  399 - , 0 - 141 -- 142 - 185 259 - 308 -- 186 - 258 309 - 399 -- , 79.25
148,1tba, 2, 2  B   61 - B   71 -  B  158 - B  240 -  1  B   72 - B  157 - , 159 - 240 -- 61 - 158 -- , 93.33
149,1ki0, 3, 1  A   81 - A  162 -  1  A  163 - A  250 -  1  A  251 - A  333 - , 81 - 161 -- 162 - 248 -- 249 - 333 -- , 98.81
150,1xc6, 5, 1  A   41 - A  395 -  1  A  396 - A  576 -  1  A  577 - A  665 -  2  A  666 - A  685 -  A  862 - A 1011 -  1  A  686 - A  861 - , 41 - 75 130 - 317 -- 318 - 347 389 - 573 -- 76 - 129 574 - 668 -- 348 - 388 669 - 685 866 - 1011 -- 686 - 865 -- , 85.38
151,1miu, 5, 1  A 2399 - A 2589 -  1  A 2590 - A 2719 -  2  A 2720 - A 2752 -  A 2887 - A 2970 -  1  A 2753 - A 2886 -  1  A 2971 - A 3103 - , 2399 - 2588 -- 2589 - 2737 -- 2738 - 2807 2880 - 2970 3060 - 3061 -- 2808 - 2879 -- 2971 - 3059 3062 - 3103 -- , 88.23
152,1jv2, 4, 1  A    1 - A  438 -  1  A  439 - A  599 -  1  A  600 - A  739 -  1  A  740 - A  956 - , 1 - 439 -- 440 - 604 -- 605 - 741 839 - 867 -- 742 - 838 868 - 956 -- , 96.13
153,1qr0, 2, 2  A    1 - A  103 -  A  207 - A  228 -  1  A  104 - A  206 - , 1 - 102 -- 103 - 228 -- , 89.91
154,1div, 2, 1  A    1 - A   59 -  1  A   60 - A  149 - , 1 - 59 -- 60 - 149 -- , 100.00
155,2qfi, 2, 1  A    5 - A  205 -  1  A  206 - A  290 - , 5 - 59 82 - 198 -- 60 - 81 199 - 290 -- , 89.86
156,1hf2, 2, 1  A    1 - A  100 -  1  A  101 - A  206 - , 1 - 99 -- 100 - 206 -- , 99.51
157,1p42, 2, 1  A    2 - A  128 -  1  A  129 - A  280 - , 12 - 203 -- 203 - 280 -- , 69.89
158,1rc9, 2, 1  A    1 - A  180 -  1  A  181 - A  221 - , 1 - 147 -- 148 - 221 -- , 85.07
159,1giq, 2, 1  A    3 - A  211 -  1  A  212 - A  413 - , 3 - 209 -- 210 - 413 -- , 99.51
160,1bdf, 2, 2  A    2 - A   52 -  A  178 - A  232 -  1  A   53 - A  177 - , 2 - 52 179 - 232 -- 53 - 178 -- , 99.57
161,1a8d, 2, 1  A    1 - A  246 -  1  A  247 - A  452 - , 1 - 247 -- 248 - 452 -- , 99.78
162,1ukv, 3, 3  G    5 - G   61 -  G  232 - G  305 -  G  398 - G  446 -  2  G   62 - G  126 -  G  306 - G  397 -  1  G  127 - G  231 - , 5 - 47 242 - 342 397 - 446 -- 48 - 122 343 - 396 -- 123 - 241 -- , 85.07
163,1h0m, 2, 1  A    2 - A  170 -  1  A  171 - A  234 - , 32 - 160 -- 2 - 31 161 - 234 -- , 82.83
164,1tvf, 2, 1  A   15 - A  314 -  1  A  315 - A  383 - , 69 - 301 -- 15 - 68 302 - 383 -- , 81.84
165,1dx5, 3, 1  I  345 - I  389 -  1  I  390 - I  422 -  1  I  423 - I  462 - , 345 - 386 -- 387 - 424 441 - 442 -- 425 - 440 443 - 462 -- , 94.07
166,1or7, 2, 1  A   -1 - A  120 -  1  A  121 - A  187 - , -1 - 124 -- 125 - 187 -- , 97.88
167,1f5y, 2, 1  A    1 - A   44 -  1  A   45 - A   85 - , 1 - 47 -- 48 - 85 -- , 96.47
168,1ovn, 2, 1  A   24 - A  145 -  1  A  146 - A  252 - , 24 - 144 -- 145 - 252 -- , 99.56
169,1bht, 2, 1  A   35 - A  125 -  1  A  126 - A  210 - , 35 - 125 -- 126 - 210 -- , 100.00
170,1ou5, 2, 1  A   -1 - A  150 -  1  A  151 - A  354 - , -1 - 190 -- 191 - 354 -- , 88.76
171,1ef1, 3, 1  A    4 - A   82 -  1  A   83 - A  199 -  1  A  201 - A  297 - , 4 - 98 -- 99 - 198 -- 199 - 297 -- , 94.20
172,1yln, 2, 1  A   23 - A  136 -  1  A  137 - A  248 - , 23 - 135 241 - 248 -- 136 - 240 -- , 96.02
173,1dbh, 2, 1  A  198 - A  421 -  1  A  423 - A  550 - , 198 - 314 339 - 404 -- 315 - 338 405 - 550 -- , 88.35
174,1k7t, 4, 1  A    2 - A   42 -  1  A   43 - A   85 -  1  A   86 - A  128 -  1  A  129 - A  171 - , 2 - 57 -- 58 - 85 -- 86 - 143 -- 144 - 171 -- , 82.35
175,1shy, 2, 1  B   40 - B  515 -  1  B  516 - B  564 - , 73 - 296 382 - 424 -- 297 - 381 425 - 564 -- , 60.19
176,1o4u, 2, 2  A    1 - A  106 -  A  262 - A  273 -  1  A  107 - A  261 - , 1 - 109 -- 110 - 273 -- , 94.51
177,1aqt, 2, 1  A    2 - A   89 -  1  A   90 - A  136 - , 2 - 88 -- 89 - 136 -- , 99.26
178,3hn4, 3, 1  A   34 - A  125 -  1  A  126 - A  209 -  1  A  210 - A  289 - , 36 - 125 -- 126 - 225 -- 225 - 289 -- , 93.36
179,1fo1, 2, 1  A  123 - A  191 -  1  A  203 - A  362 - , 123 - 202 -- 203 - 362 -- , 100.00
180,1ll1, 3, 1  A    1 - A  109 -  2  A  110 - A  131 -  A  151 - A  377 -  2  A  143 - A  147 -  A  378 - A  628 - , 1 - 189 411 - 435 513 - 537 586 - 587 -- 190 - 378 -- 379 - 410 436 - 512 538 - 585 588 - 628 -- , 80.62
181,1e8c, 3, 1  A    3 - A  103 -  1  A  104 - A  341 -  1  A  343 - A  498 - , 3 - 104 159 - 216 -- 105 - 158 217 - 338 -- 339 - 497 -- , 87.27
182,1ais, 2, 1  B 1108 - B 1206 -  1  B 1207 - B 1300 - , 1108 - 1206 -- 1207 - 1300 -- , 100.00
183,1dky, 2, 1  A  389 - A  523 -  1  A  524 - A  599 - , 389 - 530 -- 531 - 599 -- , 96.68
184,1vcl, 3, 1  A    2 - A  150 -  1  A  151 - A  284 -  1  A  285 - A  432 - , 2 - 148 -- 149 - 285 -- 286 - 327 329 - 391 393 - 432 -- , 98.84
185,1b6r, 3, 1  A    1 - A   70 -  2  A   71 - A   93 -  A  156 - A  355 -  1  A   94 - A  155 - , 1 - 78 210 - 274 -- 188 - 209 275 - 355 -- 79 - 187 -- , 66.20
186,1bcp, 2, 1  C    4 - C   89 -  1  C   90 - C  199 - , 4 - 90 177 - 178 -- 91 - 176 179 - 199 -- , 98.47
187,1eg9, 2, 2  A    1 - A   35 -  A  165 - A  447 -  1  A   36 - A  164 - , 1 - 41 157 - 184 186 - 447 -- 42 - 156 -- , 96.64
188,1r0v, 3, 1  A   62 - A  138 -  1  A  139 - A  213 -  1  A  214 - A  305 - , 62 - 143 -- 144 - 220 -- 221 - 305 -- , 95.08
189,1ile, 3, 2  A    1 - A  195 -  A  391 - A  630 -  1  A  196 - A  390 -  1  A  631 - A  821 - , 79 - 198 401 - 599 -- 199 - 400 -- 1 - 78 600 - 821 -- , 85.14
190,1dfc, 4, 1  A 1262 - A 1386 -  1  A 1139 - A 1261 -  1  A 1008 - A 1138 -  1  A 1387 - A 1493 - , 1260 - 1382 -- 1140 - 1217 1219 - 1259 -- 1008 - 1139 -- 1383 - 1493 -- , 98.35
191,1fpo, 2, 1  A    1 - A   79 -  1  A   80 - A  171 - , 1 - 78 -- 79 - 171 -- , 99.42
192,1px5, 2, 1  A    1 - A  160 -  1  A  161 - A  346 - , 23 - 198 -- 1 - 22 199 - 346 -- , 82.66
193,1c5k, 2, 1  A   35 - A  165 -  1  A  166 - A  431 - , 35 - 165 -- 166 - 431 -- , 100.00
194,1q25, 3, 1  A    5 - A  129 -  1  A  130 - A  285 -  1  A  286 - A  432 - , 5 - 145 -- 146 - 281 -- 283 - 371 373 - 432 -- , 95.09
195,1fu1, 2, 1  A    1 - A  118 -  1  A  119 - A  178 - , 1 - 141 -- 142 - 178 -- , 87.08
196,1dlp, 2, 2  A    1 - A  104 -  A  230 - A  235 -  1  A  105 - A  229 - , 1 - 122 -- 123 - 235 -- , 89.79
197,2q07, 3, 1  A  244 - A  394 -  1  A  395 - A  459 -  1  A  460 - A  527 - , 272 - 393 -- 394 - 450 -- 451 - 527 -- , 86.62
198,1a6d, 3, 2  A   17 - A  143 -  A  403 - A  519 -  2  A  144 - A  213 -  A  367 - A  402 -  1  A  214 - A  366 - , 17 - 42 96 - 142 408 - 519 -- 43 - 95 143 - 214 366 - 407 -- 215 - 365 -- , 87.87
199,1okg, 3, 1  A    7 - A  161 -  1  A  162 - A  303 -  1  A  305 - A  373 - , 7 - 160 -- 161 - 288 -- 289 - 373 -- , 95.63
200,1e2x, 2, 1  A    6 - A   79 -  1  A   80 - A  227 - , 6 - 74 74 - 94 -- 95 - 227 -- , 93.24
201,1bbo, 2, 1  A    1 - A   26 -  1  A   27 - A   57 - , 1 - 27 -- 28 - 57 -- , 98.25
202,1y7m, 2, 1  A    2 - A   47 -  1  A   48 - A  164 - , 2 - 53 -- 54 - 164 -- , 96.32
203,1js8, 2, 1  A 2503 - A 2786 -  1  A 2787 - A 2892 - , 2503 - 2631 2678 - 2772 -- 2632 - 2677 2773 - 2892 -- , 84.62
204,1a16, 2, 1  A    1 - A  173 -  1  A  174 - A  440 - , 1 - 180 -- 181 - 440 -- , 98.41
205,1tte, 2, 1  A    1 - A  158 -  1  A  159 - A  215 - , 1 - 160 -- 161 - 215 -- , 99.07
206,1ha0, 2, 1  A   57 - A  272 -  2  A    9 - A   56 -  A  273 - A  502 - , 46 - 310 388 - 421 -- 9 - 45 311 - 387 422 - 502 -- , 83.20
207,1d5r, 2, 1  A   14 - A  187 -  1  A  188 - A  351 - , 14 - 188 -- 189 - 351 -- , 99.70
208,1q4k, 2, 2  A  372 - A  411 -  A  509 - A  593 -  1  A  412 - A  508 - , 372 - 410 528 - 593 -- 411 - 527 -- , 90.99
accuracy is 92.1988545056
