Chain:  3hdhA ,  Domains (CATH):  2 ,  Domain 1 :  12 - 207 ,  Domain 2 :  211 - 297 ,  Length:  291 ,  IS-Sum_2:  1.95 ,  IS-Sum_3:  11.1 ,  IS-Sum_4:  26.4 ,  Assigned Domain:  3
Chain:  1satA ,  Domains (CATH):  2 ,  Domain 1 :  4 - 17    250 - 471 ,  Domain 2 :  18 - 249 ,  Length:  468 ,  IS-Sum_2:  5.01 ,  IS-Sum_3:  14.1 ,  IS-Sum_4:  22.9 ,  Assigned Domain:  3
Chain:  1bi3A ,  Domains (CATH):  3 ,  Domain 1 :  4 - 74 ,  Domain 2 :  75 - 140 ,  Domain 3 :  148 - 223 ,  Length:  211 ,  IS-Sum_2:  1.59 ,  IS-Sum_3:  5.77 ,  IS-Sum_4:  29.6 ,  Assigned Domain:  2
Chain:  1skyE ,  Domains (CATH):  3 ,  Domain 1 :  1 - 82 ,  Domain 2 :  84 - 352 ,  Domain 3 :  354 - 469 ,  Length:  470 ,  IS-Sum_2:  5.04 ,  IS-Sum_3:  9.3 ,  IS-Sum_4:  19.5 ,  Assigned Domain:  2
Chain:  1hjpA ,  Domains (CATH):  3 ,  Domain 1 :  1 - 66 ,  Domain 2 :  67 - 158 ,  Domain 3 :  159 - 202 ,  Length:  186 ,  IS-Sum_2:  2.75 ,  IS-Sum_3:  9.43 ,  IS-Sum_4:  38.5 ,  Assigned Domain:  2
Chain:  1chuA ,  Domains (CATH):  3 ,  Domain 1 :  2 - 239    355 - 410 ,  Domain 2 :  245 - 348 ,  Domain 3 :  429 - 516 ,  Length:  478 ,  IS-Sum_2:  6.58 ,  IS-Sum_3:  18.1 ,  IS-Sum_4:  26.5 ,  Assigned Domain:  2
Chain:  1ksiA ,  Domains (CATH):  3 ,  Domain 1 :  6 - 101 ,  Domain 2 :  102 - 197 ,  Domain 3 :  231 - 646 ,  Length:  641 ,  IS-Sum_2:  6.86 ,  IS-Sum_3:  18.6 ,  IS-Sum_4:  26.4 ,  Assigned Domain:  2
Chain:  1pkyA ,  Domains (CATH):  3 ,  Domain 1 :  2 - 69    169 - 335 ,  Domain 2 :  70 - 168 ,  Domain 3 :  336 - 469 ,  Length:  464 ,  IS-Sum_2:  8.76 ,  IS-Sum_3:  10.5 ,  IS-Sum_4:  18.8 ,  Assigned Domain:  2
Chain:  1tuiA ,  Domains (CATH):  3 ,  Domain 1 :  9 - 213 ,  Domain 2 :  216 - 307 ,  Domain 3 :  311 - 404 ,  Length:  397 ,  IS-Sum_2:  3.59 ,  IS-Sum_3:  10.6 ,  IS-Sum_4:  19.6 ,  Assigned Domain:  2
Chain:  1kitA ,  Domains (CATH):  3 ,  Domain 1 :  25 - 81    94 - 213 ,  Domain 2 :  214 - 353    541 - 781 ,  Domain 3 :  354 - 540 ,  Length:  757 ,  IS-Sum_2:  4.1 ,  IS-Sum_3:  6.72 ,  IS-Sum_4:  14.1 ,  Assigned Domain:  2
Chain:  1iraY ,  Domains (CATH):  3 ,  Domain 1 :  3 - 94 ,  Domain 2 :  95 - 200 ,  Domain 3 :  201 - 311 ,  Length:  311 ,  IS-Sum_2:  0.597 ,  IS-Sum_3:  7.8 ,  IS-Sum_4:  21.1 ,  Assigned Domain:  2
Chain:  1bhgA ,  Domains (CATH):  3 ,  Domain 1 :  22 - 224 ,  Domain 2 :  225 - 328 ,  Domain 3 :  329 - 631 ,  Length:  611 ,  IS-Sum_2:  7.25 ,  IS-Sum_3:  12.6 ,  IS-Sum_4:  26.9 ,  Assigned Domain:  2
Chain:  1ctnA ,  Domains (CATH):  3 ,  Domain 1 :  24 - 130 ,  Domain 2 :  131 - 442    519 - 561 ,  Domain 3 :  443 - 518 ,  Length:  538 ,  IS-Sum_2:  5.67 ,  IS-Sum_3:  8.67 ,  IS-Sum_4:  21.0 ,  Assigned Domain:  2
Chain:  1qm4A ,  Domains (CATH):  3 ,  Domain 1 :  17 - 25    153 - 253 ,  Domain 2 :  26 - 129    254 - 290 ,  Domain 3 :  130 - 152    291 - 395 ,  Length:  368 ,  IS-Sum_2:  7.89 ,  IS-Sum_3:  12.2 ,  IS-Sum_4:  32.3 ,  Assigned Domain:  2
Chain:  1aogA ,  Domains (CATH):  3 ,  Domain 1 :  4 - 165    287 - 360 ,  Domain 2 :  166 - 286 ,  Domain 3 :  361 - 472 ,  Length:  485 ,  IS-Sum_2:  2.5 ,  IS-Sum_3:  8.47 ,  IS-Sum_4:  20.4 ,  Assigned Domain:  2
Chain:  1fohB ,  Domains (CATH):  3 ,  Domain 1 :  1 - 79    110 - 237    343 - 388 ,  Domain 2 :  81 - 107    238 - 342    398 - 452 ,  Domain 3 :  453 - 661 ,  Length:  651 ,  IS-Sum_2:  4.35 ,  IS-Sum_3:  10.0 ,  IS-Sum_4:  26.5 ,  Assigned Domain:  2
Chain:  1a8yA ,  Domains (CATH):  3 ,  Domain 1 :  3 - 126 ,  Domain 2 :  127 - 228 ,  Domain 3 :  229 - 347 ,  Length:  338 ,  IS-Sum_2:  2.69 ,  IS-Sum_3:  6.39 ,  IS-Sum_4:  19.1 ,  Assigned Domain:  2
Chain:  1cs6A ,  Domains (CATH):  4 ,  Domain 1 :  7 - 104 ,  Domain 2 :  105 - 209 ,  Domain 3 :  210 - 298 ,  Domain 4 :  299 - 388 ,  Length:  382 ,  IS-Sum_2:  2.19 ,  IS-Sum_3:  10.3 ,  IS-Sum_4:  21.9 ,  Assigned Domain:  3
Chain:  1wgtA ,  Domains (CATH):  4 ,  Domain 1 :  2 - 42 ,  Domain 2 :  43 - 85 ,  Domain 3 :  86 - 128 ,  Domain 4 :  129 - 171 ,  Length:  170 ,  IS-Sum_2:  0.994 ,  IS-Sum_3:  6.78 ,  IS-Sum_4:  11.0 ,  Assigned Domain:  2